{
  "v": 1,
  "dim": [
    5
  ],
  "data": [
    0.20431937531777755,
    0.10948360837401708,
    0.2923641135644729,
    0.20862303470413224,
    0.18520986803960027
  ]
}